{
  "values": [
    {
      "id": "#minecraft:all_signs",
      "required": false
    },
    {
      "id": "#minecraft:banners",
      "required": false
    },
    {
      "id": "#minecraft:buttons",
      "required": false
    },
    {
      "id": "#minecraft:candles",
      "required": false
    },
    {
      "id": "#minecraft:coral_plants",
      "required": false
    },
    {
      "id": "#minecraft:corals",
      "required": false
    },
    {
      "id": "#minecraft:crops",
      "required": false
    },
    {
      "id": "#minecraft:doors",
      "required": false
    },
    {
      "id": "#minecraft:fire",
      "required": false
    },
    {
      "id": "#minecraft:flowers",
      "required": false
    },
    {
      "id": "#minecraft:trapdoors",
      "required": false
    },
    {
      "id": "#minecraft:pressure_plates",
      "required": false
    },
    {
      "id": "#minecraft:rails",
      "required": false
    },
    {
      "id": "#minecraft:saplings",
      "required": false
    },
    {
      "id": "#minecraft:wall_corals",
      "required": false
    },
    {
      "id": "#minecraft:wool_carpets",
      "required": false
    },
    {
      "id": "#minecraft:carpets",
      "required": false
    },
    {
      "id": "minecraft:air",
      "required": false
    },
    {
      "id": "minecraft:brown_mushroom",
      "required": false
    },
    {
      "id": "minecraft:bubble_column",
      "required": false
    },
    {
      "id": "minecraft:bush",
      "required": false
    },
    {
      "id": "minecraft:cave_air",
      "required": false
    },
    {
      "id": "minecraft:cave_vines",
      "required": false
    },
    {
      "id": "minecraft:cave_vines_plant",
      "required": false
    },
    {
      "id": "minecraft:cobweb",
      "required": false
    },
    {
      "id": "minecraft:comparator",
      "required": false
    },
    {
      "id": "minecraft:crimson_fungus",
      "required": false
    },
    {
      "id": "minecraft:crimson_roots",
      "required": false
    },
    {
      "id": "minecraft:daylight_detector",
      "required": false
    },
    {
      "id": "minecraft:dead_bush",
      "required": false
    },
    {
      "id": "minecraft:fern",
      "required": false
    },
    {
      "id": "minecraft:firefly_bush",
      "required": false
    },
    {
      "id": "minecraft:frogspawn",
      "required": false
    },
    {
      "id": "minecraft:glow_lichen",
      "required": false
    },
    {
      "id": "minecraft:grass",
      "required": false
    },
    {
      "id": "minecraft:hanging_roots",
      "required": false
    },
    {
      "id": "minecraft:ice",
      "required": false
    },
    {
      "id": "minecraft:kelp",
      "required": false
    },
    {
      "id": "minecraft:kelp_plant",
      "required": false
    },
    {
      "id": "minecraft:ladder",
      "required": false
    },
    {
      "id": "minecraft:large_fern",
      "required": false
    },
    {
      "id": "minecraft:leaf_litter",
      "required": false
    },
    {
      "id": "minecraft:lever",
      "required": false
    },
    {
      "id": "minecraft:light",
      "required": false
    },
    {
      "id": "minecraft:lily_pad",
      "required": false
    },
    {
      "id": "minecraft:medium_amethyst_bud",
      "required": false
    },
    {
      "id": "minecraft:moss_carpet",
      "required": false
    },
    {
      "id": "minecraft:nether_sprouts",
      "required": false
    },
    {
      "id": "minecraft:nether_wart",
      "required": false
    },
    {
      "id": "minecraft:pale_hanging_moss",
      "required": false
    },
    {
      "id": "minecraft:pale_moss_carpet",
      "required": false
    },
    {
      "id": "minecraft:pointed_dripstone",
      "required": false
    },
    {
      "id": "minecraft:red_mushroom",
      "required": false
    },
    {
      "id": "minecraft:redstone_torch",
      "required": false
    },
    {
      "id": "minecraft:redstone_wall_torch",
      "required": false
    },
    {
      "id": "minecraft:redstone_wire",
      "required": false
    },
    {
      "id": "minecraft:repeater",
      "required": false
    },
    {
      "id": "minecraft:resin_clump",
      "required": false
    },
    {
      "id": "minecraft:sculk_vein",
      "required": false
    },
    {
      "id": "minecraft:seagrass",
      "required": false
    },
    {
      "id": "minecraft:short_dry_grass",
      "required": false
    },
    {
      "id": "minecraft:short_grass",
      "required": false
    },
    {
      "id": "minecraft:small_amethyst_bud",
      "required": false
    },
    {
      "id": "minecraft:small_dripleaf",
      "required": false
    },
    {
      "id": "minecraft:snow",
      "required": false
    },
    {
      "id": "minecraft:soul_torch",
      "required": false
    },
    {
      "id": "minecraft:soul_wall_torch",
      "required": false
    },
    {
      "id": "minecraft:spore_blossom",
      "required": false
    },
    {
      "id": "minecraft:structure_void",
      "required": false
    },
    {
      "id": "minecraft:sweet_berry_bush",
      "required": false
    },
    {
      "id": "minecraft:tall_dry_grass",
      "required": false
    },
    {
      "id": "minecraft:tall_grass",
      "required": false
    },
    {
      "id": "minecraft:tall_seagrass",
      "required": false
    },
    {
      "id": "minecraft:torch",
      "required": false
    },
    {
      "id": "minecraft:tripwire",
      "required": false
    },
    {
      "id": "minecraft:tripwire_hook",
      "required": false
    },
    {
      "id": "minecraft:twisting_vines",
      "required": false
    },
    {
      "id": "minecraft:twisting_vines_plant",
      "required": false
    },
    {
      "id": "minecraft:vine",
      "required": false
    },
    {
      "id": "minecraft:void_air",
      "required": false
    },
    {
      "id": "minecraft:wall_torch",
      "required": false
    },
    {
      "id": "minecraft:warped_fungus",
      "required": false
    },
    {
      "id": "minecraft:warped_roots",
      "required": false
    },
    {
      "id": "minecraft:water",
      "required": false
    },
    {
      "id": "minecraft:weeping_vines",
      "required": false
    },
    {
      "id": "minecraft:weeping_vines_plant",
      "required": false
    }
  ]
}
