{
  "values": [
    {
      "id": "#minecraft:replaceable",
      "required": false
    },
    {
      "id": "minecraft:air",
      "required": false
    },
    {
      "id": "minecraft:bubble_column",
      "required": false
    },
    {
      "id": "minecraft:cave_air",
      "required": false
    },
    {
      "id": "minecraft:crimson_roots",
      "required": false
    },
    {
      "id": "minecraft:dead_bush",
      "required": false
    },
    {
      "id": "minecraft:fern",
      "required": false
    },
    {
      "id": "minecraft:fire",
      "required": false
    },
    {
      "id": "minecraft:glow_lichen",
      "required": false
    },
    {
      "id": "minecraft:grass",
      "required": false
    },
    {
      "id": "minecraft:hanging_roots",
      "required": false
    },
    {
      "id": "minecraft:large_fern",
      "required": false
    },
    {
      "id": "minecraft:lava",
      "required": false
    },
    {
      "id": "minecraft:light",
      "required": false
    },
    {
      "id": "minecraft:nether_sprouts",
      "required": false
    },
    {
      "id": "minecraft:seagrass",
      "required": false
    },
    {
      "id": "minecraft:short_grass",
      "required": false
    },
    {
      "id": "minecraft:snow",
      "required": false
    },
    {
      "id": "minecraft:soul_fire",
      "required": false
    },
    {
      "id": "minecraft:structure_void",
      "required": false
    },
    {
      "id": "minecraft:tall_grass",
      "required": false
    },
    {
      "id": "minecraft:tall_seagrass",
      "required": false
    },
    {
      "id": "minecraft:vine",
      "required": false
    },
    {
      "id": "minecraft:void_air",
      "required": false
    },
    {
      "id": "minecraft:warped_roots",
      "required": false
    },
    {
      "id": "minecraft:water",
      "required": false
    }
  ]
}