{
    "display": {
        "title": "SGrave",
        "description": {
            "translate": "sgrave.advancement.sul4ur-sgrave.info",
            "fallback": "A highly customizable and feature-rich grave data pack"
        },
        "icon": {
            "id": "minecraft:cyan_dye",
            "components": {
                "minecraft:custom_model_data":735801
            }
        },
        "announce_to_chat": false,
        "show_toast": false
    },
    "requirements": [["tick"]],
    "parent": "sul4ur:sul4ur",
    "criteria": {
        "tick": {
            "trigger": "minecraft:tick"
        }
    }
}