{
    "display": {
        "title": "Sul4ur",
        "description": "",
        "background": "minecraft:textures/block/gray_concrete.png",
        "icon": {
            "id": "minecraft:glowstone_dust",
            "components": {
                "minecraft:custom_model_data": 735000
            }
        },
        "show_toast": false,
        "announce_to_chat": false
    },
    "requirements": [["tick"]],
    "criteria": {
        "tick": {
            "trigger": "minecraft:tick"
        }
    }
}